<?xml version="1.0" encoding="UTF-8"?>
<project version="4">
  <component name="DatabaseMigrationSettings" lastSelectedDirectory="user-service/src/main/resources/db/migration" />
  <component name="PersistenceUnitSettings">
    <persistence-units>
      <persistence-unit name="Default">
        <packages>
          <package value="com.microservices.inventoryservice" />
          <package value="com.microservices.orderservice" />
          <package value="com.microservices.userservice" />
        </packages>
      </persistence-unit>
    </persistence-units>
  </component>
</project>